"repo","grupo","N","last"
"twE105-arce-nacho-victor","E105",71,2019-05-20
"twA104-adri-ubeda","A104",35,2019-05-16
"twE105-adri-jorge-abel","E105",74,2019-05-21
"twA104-adrian-jorge","A104",16,2019-05-17
"twQ103-aeropuerto","Q103",59,2019-05-20
"twQ103-agencia-de-viajes","Q103",17,2019-05-21
"twQ103-agenda-electronica","Q103",24,2019-05-21
"twA104-alarmas-masther","A104",3,2019-02-23
"twE100-alberto_viktor","E100",5,2019-05-18
"twA109-alejandro-hugo-jacob","A109",74,2019-05-17
"twA109-alejandro-ignacio-javier","A109",6,2019-05-17
"twQ103-ambulatorio","Q103",12,2019-05-21
"twE100-Aparcamiento_sub_Burgos","E100",8,2019-05-21
"twE100-arantxa_alvaro_tomas","E100",46,2019-05-19
"twQ103-arguisanos","Q103",63,2019-05-21
"twA109-bisha3p2","A109",17,2019-05-15
"twQ103-blibioteca-maria-moliner","Q103",42,2019-05-21
"twE100-bannercm","E100",4,2019-03-05
"twQ103-banners-dinamicos-v-2","Q103",6,2019-02-28
"twA104-Barcos","A104",15,2019-05-16
"twA104-barrera_parking","A104",12,2019-05-16
"twQ103-becas-mel","Q103",75,2019-05-29
"twA109-bruno-jaime","A109",9,2019-05-17
"twQ103-burgonet-1","Q103",12,2019-05-21
"twA109-c","A109",43,2019-05-17
"twA109-climt-3000","A109",16,2019-05-17
"twQ103-clininca","Q103",57,2019-05-21
"twA104-colacado-2-0","A104",44,2019-05-23
"twA104-caja-fuerte","A104",11,2019-05-23
"twQ103-cajeroetsidi","Q103",30,2019-05-21
"twA104-carpioyjuan","A104",6,2019-05-14
"twQ103-carrera-ciclista","Q103",34,2019-05-24
"twQ103-cartelera-de-cine","Q103",61,2019-05-21
"twE100-central_parking","E100",64,2019-05-22
"twQ103-cesta-online","Q103",31,2019-05-21
"twE105-christian-andres-miguel","E105",205,2019-05-20
"twQ103-coches-benavides-sl","Q103",35,2019-05-21
"twA109-Codigo_Morse","A109",49,2019-05-17
"twQ103-comparador-de-propiedades","Q103",15,2019-05-20
"twQ103-Control_de_tiempos","Q103",14,2019-05-21
"twA104-cris-david","A104",7,2019-05-18
"twA109-dpm","A109",35,2019-05-18
"twA109-dz-dm","A109",30,2019-05-17
"twA109-david-alvaro-ignacio","A109",16,2019-05-17
"twA109-diego-laural-tomas","A109",15,2019-05-16
"twQ103-distribucion-de-alumnos-en-examen","Q103",30,2019-05-21
"twE100-e-100_proyecto_morse","E100",15,2019-05-17
"twE100-e100_eduardo_mario_moad","E100",39,2019-05-17
"twE100-e100_raton_grafico","E100",13,2019-05-19
"twQ103-empresa-quimica","Q103",29,2019-05-21
"twA104-escanciano-dani","A104",14,2019-05-17
"twE100-etor_valeria_carlos","E100",30,2019-05-15
"twQ103-euroliga","Q103",5,2019-03-01
"twA104-fran-alvaro","A104",8,2019-05-18
"twQ103-gps-films","Q103",19,2019-05-20
"twA104-gymnastiksko","A104",8,2019-05-17
"twE100-gabriel_pedro","E100",9,2019-05-20
"twA104-gambling_machine","A104",14,2019-05-14
"twA109-guillermo-noelia","A109",16,2019-05-17
"twQ103-inmobiliaria","Q103",26,2019-05-19
"twA104-ismael-mateo","A104",18,2019-05-19
"twA104-javictor","A104",11,2019-05-19
"twA109-jla","A109",19,2019-05-17
"twA109-jt","A109",28,2019-05-17
"twA109-jaime-sergio-brais","A109",9,2019-05-17
"twA109-josemaria-alvaro-cristina","A109",4,2019-05-20
"twA104-juanandresymarta","A104",8,2019-05-18
"twQ103-juego-de-laberintos","Q103",29,2019-05-21
"twQ103-juego-de-la-flota","Q103",26,2019-05-21
"twQ103-juego-de-la-ruleta","Q103",12,2019-05-21
"twQ103-juego-quimica-general","Q103",8,2019-03-21
"twA104-keepin-usafe","A104",93,2019-05-22
"twA109-laura-maria","A109",12,2019-05-17
"twA109-led_vibes","A109",79,2019-05-17
"twA109-lera-daniel","A109",5,2019-05-24
"twA109-lis-teresa-silvia","A109",45,2019-05-16
"twA109-luis-victor-alvaro","A109",69,2019-05-18
"twE100-manu_luisle_pachuski","E100",8,2019-05-17
"twQ103-masori-bank","Q103",25,2019-05-21
"twA104-morse_av","A104",6,2019-05-15
"twE105-maccabi-de-levantar","E105",118,2019-05-21
"twA104-maquina-desencriptadora","A104",16,2019-05-22
"twA104-marcianitos-s-l","A104",3,2019-02-23
"twA104-mark-patrick","A104",8,2019-05-16
"twE100-marta_jara_julieta","E100",31,2019-05-26
"twA104-miguel-raquel","A104",11,2019-05-17
"twE100-miki_edu_sergio","E100",13,2019-05-25
"twA104-morango-s-company","A104",34,2019-05-16
"twQ103-nba-goats","Q103",72,2019-05-21
"twA104-nacho-antonio","A104",10,2019-05-18
"twA104-natalia-dani","A104",8,2019-05-17
"twA109-natalia-jorge","A109",18,2019-05-16
"twA104-nocranenogame","A104",9,2019-05-12
"twA109-pablo-maria-jorge","A109",12,2019-05-17
"twQ103-pide-tu-cabifai","Q103",49,2019-05-20
"twQ103-pagina-de-compra-y-venta","Q103",81,2019-05-21
"twA109-parkineo","A109",84,2019-05-16
"twE105-polize_zass","E105",44,2019-05-20
"twQ103-quimitrivial","Q103",5,2019-03-02
"twA104-raquel-irene","A104",10,2019-05-14
"twA104-raquel-miguel","A104",4,2019-05-15
"twE100-raul_adrian_ivan","E100",8,2019-05-24
"twQ103-recarga-metro","Q103",11,2019-05-15
"twE100-roberto_kike_jorge","E100",17,2019-05-08
"twA104-ruleta-sanergo","A104",8,2019-05-17
"twQ103-selector-de-materiales","Q103",59,2019-05-21
"twA104-semaforos-benitez-pelayo","A104",9,2019-05-24
"twA109-sergio-fer-andres","A109",12,2019-05-17
"twA104-snake","A104",2,2019-05-10
"twQ103-summer-festival","Q103",11,2019-05-21
"twE100-team-mid","E100",4,2019-05-10
"twE100-team_ligue","E100",6,2019-03-07
"twQ103-ticketpro-com","Q103",7,2019-03-13
"twE100-tiendasl","E100",7,2019-05-22
"twQ103-trivial","Q103",43,2019-05-20
"twA104-victor-diego","A104",10,2019-05-16
"twA109-victor-ruben-pablo","A109",34,2019-05-17
"twQ103-videoclub","Q103",9,2019-05-21
"twQ103-worker-king","Q103",15,2019-05-08
"twA104-where-i-can-park","A104",5,2019-05-18
"twA109-zeqi-martin-xiaolong","A109",34,2019-05-16
"twE105-abel-diego-carlos","E105",139,2019-05-21
"twE105-alvaro-sergio","E105",8,2019-05-06
"twE105-cafranpa","E105",198,2019-05-19
"twE105-cajero-automatico","E105",73,2019-05-21
"twE105-carlos-juanmi-vicen","E105",200,2019-05-20
"twE105-e-shop","E105",81,2019-05-21
"twE105-cinesbartolo","E105",34,2019-05-20
"twA109-dani-miguel-pedro","A109",9,2019-05-18
"twE105-dreamteam","E105",18,2019-05-21
"twE105-huevos_rotos_con_jamon","E105",50,2019-05-21
"twA109-jaime-pablo-sara","A109",324,2019-05-17
"twE105-javi-angel","E105",35,2019-05-21
"twQ103-juego-del-serpiente","Q103",19,2019-05-20
"twE105-kchopos-s","E105",29,2019-05-19
"twA109-miriam-pablo-susana","A109",26,2019-05-20
"twE105-monica-miguel-nico","E105",48,2019-05-21
"twE105-omar-edu-nacho","E105",84,2019-05-21
"twE105-oscar-pablo-gonzalo","E105",175,2019-05-21
"twE105-santi-david-ivan","E105",40,2019-05-21
"twE105-sebas-hugo-adam","E105",108,2019-05-19
"twE105-spectacular-library","E105",31,2019-05-21
"twA104-susana-jorge","A104",15,2019-05-16
"twE105-taki-taki-rumba","E105",30,2019-05-20
"twE100-team_tienda_zarra","E100",29,2019-05-17
"twE100-twe100-jorge","E100",41,2019-05-19
"twE100-twe100_biblio","E100",11,2019-05-17
"twE100-twe100_ingenio_2019","E100",5,2019-02-27
"twQ103-twq103-ihdm","Q103",97,2019-05-20
"twE105-verano-azul","E105",17,2019-04-24
"twA104-yago-barroso","A104",8,2019-05-17
"twA104-oscar-carlos","A104",5,2019-05-16
